SourceID,Classification,RA,Dec,Referenced
4001219269105,jellyfish,189.3093139,26.2254173,False
4000736631061,clumpy,150.0910022,1.8665337,True
6000513983281,odd,149.8459944,2.3873828,True
6000405511482,merger,127.7775226,65.8408696,False
4001116140862,odd,22.9836042,-13.6106223,True
4000794685791,jellyfish,73.5893528,-3.1433257,True
4001273313328,merger,53.0776884,-27.7082222,True
4000708694313,merger,53.12122370000001,-27.7154276,True
4000829131004,high-z,186.5975743,12.5554523,False
4000859572705,merger,9.2644966,9.1508978,False
4000914427097,lens,259.0369381,58.967333700000005,False
4000867415395,lens,199.6222898,-1.0725441999999998,True
4001012309588,odd,104.6465212,-55.965525,False
4001100830282,merger,109.5505067,37.6477204,False
4001252745698,odd,357.6264334,-43.495286,False
4001128171286,overlap,214.9408308,52.7971025,True
4001170753923,unknown,32.399809,-4.634332,False
4001077390547,agn,150.4894117,2.688282,True
4001255830056,odd,53.0443611,-27.8951318,True
4001268262733,odd,336.107953,5.4075298,False
4000921323678,lens,183.7218998,36.2190893,False
4000964425003,merger,34.3205035,-5.2032944,True
4001115954620,merger,149.8240454,30.7567389,False
6000409188683,arc,203.1709047,50.5510005,False
4001012842553,merger,322.4018231,-7.626341,False
4000833531729,jellyfish,188.1259925,-12.8158855,False
4000764048942,odd,125.4094637,37.5400136,False
6000360825362,merger,116.2384975,39.4682771,False
4001289743523,high-z,150.2491003,55.8991238,False
4001132466390,lens,126.4962943,26.445149,False
4001158062137,merger,208.6690495,77.2627438,False
4184674881,odd,216.4813993,35.5124877,False
4001009541825,merger,258.3085847,59.0025287,False
6000431863490,merger,262.8993122,22.868973,False
4000744715522,merger,150.50687549999998,2.7854438,True
4001234056806,merger,149.5512177,2.0888742,True
4001205034990,merger,192.3862425,15.1673137,False
6000411921018,lens,177.3888052,22.4240928,False
4001227842467,jellyfish,59.092748,-53.6310978,True
4000771571489,merger,140.3060838,45.4928015,False
4001241425148,merger,3.5611125,-30.3925024,False
6000510817094,merger,127.7381874,19.2225127,False
4000808752206,merger,53.2660836,-27.8406155,True
4000820788977,odd,0.2287197,33.464823,False
6000266857035,high-z,219.2660973,35.0162314,False
4001177642975,merger,189.2660283,62.1448709,True
4001126749717,merger,149.9306528,2.0837951,True
6000327769656,arc,72.988702,0.1062594,True
4000824014205,merger,8.882309800000002,39.6158234,False
6000372417930,merger,150.028826,1.8891985,True
4001368843313,unknown,64.1225217,-24.1739553,False
6000444529414,merger,150.4088446,1.9284534,True
6000445695131,lensed quasar,308.4256803,-47.3956781,True
4000752057980,merger,49.5193755,-25.6209349,False
4000956848315,merger,242.2908662,65.5531777,False
4001051224789,merger,159.9139734,-0.2134997,False
6000531279486,merger,149.7177624,1.8496819,False
4001318807194,merger,154.6237226,-12.2605706,False
4001301478510,agn,214.9050412,52.8502311,True
4000897901127,merger,4.398818299999999,43.0801763,False
4001416991017,merger,126.0109497,71.030385,False
4001074372006,lens,12.2460344,40.285199,False
4001264761538,merger,153.2511879,-1.628958,False
4001308732253,merger,150.1073338,2.3291158,True
4001234056723,merger,149.5634956,2.0864483,True
4000876572122,lens,247.9596657,18.900856,True
4000936623000,odd,359.7189981,30.7686933,False
4000948683654,merger,164.5061348,-3.562093,False
4001264760777,merger,153.2784628,-1.6470438,False
4000983640759,merger,149.65330519999998,2.1730537999999995,True
4001267991375,lens,91.8598783,-44.7825176,False
4001416468743,merger,7.1080203,39.9170512,False
4001029451453,merger,53.0577019,-27.9706077,True
4001255565016,merger,289.2952119,-33.534245,False
4001174797474,lens,44.2763721,-23.4294693,False
4000770901206,jellyfish,72.9890897,0.1145761,True
4001287180204,merger,181.3762822,-7.3776032,False
4001239185404,unknown,62.2268428,-24.3181917,False
4001183884493,lens,149.8363892,2.3350957,True
4000851707595,odd,216.6458014,35.345324600000005,False
4001116515700,merger,150.4266552,1.6870248,True
4586458027,merger,218.8397056,34.056531799999995,False
4001295556033,merger,35.2463149,35.9212062,False
4001204531330,merger,165.9172764,-12.7483294,True
4001202131043,merger,164.2167527,-3.7820525,False
4001268928801,merger,0.7223445,-60.9009767,False
4001307291527,high-z,150.1768166,2.3470169,True
4001284171999,merger,243.8419933,20.9634909,False
4000858486459,odd,10.229256199999998,38.6641505,False
4001254425690,unknown,359.1702393,-59.6186725,False
4000816112812,merger,216.6429496,56.6867525,False
4001077390543,odd,150.487164,2.6877317,True
4000707074682,lens,188.4962838,7.7844087,False
4000928430787,merger,150.4899861,2.0304496,True
4001444190837,merger,183.5374261,33.1741137,False
4514553805,merger,35.8753385,42.3836475,False
4001046604579,merger,217.4220472,34.5363352,False
4000769543251,merger,259.2578157,59.84605379999999,False
4000723541895,lens,3.6095129,-30.3820951,True
4001431152628,merger,209.734253,62.4113153,False
4000995502321,merger,250.7740278,31.9231102,False
4000951852247,merger,175.1901224,-26.5105939,False
6000160391020,merger,334.5025875,0.2600947,False
4000886463887,overlap,259.41769480000005,59.50163520000001,False
4000749605640,merger,158.6686476,52.0091912,False
4000774297668,merger,204.4762367,36.3570474,False
6000396551003,merger,242.9205053,52.4573674,True
4001063764070,lens,9.1034742,49.6507278,False
4001102813080,odd,163.3460001,57.2684017,False
6000180544796,merger,255.2450995,64.1929496,False
4000769870046,merger,229.0950086,56.202562,False
4001321564621,odd,336.3797721,12.9975881,False
6000535892045,lens,150.077478,2.6459763,True
6000443216944,merger,3.4701528,-30.3650238,True
4001253242031,clumpy,172.9946095,-19.9271303,False
6000181303579,high-z,259.2054646,60.2941898,False
4001089103685,merger,194.6432265,14.1785817,False
4000719967004,jellyfish,247.1443853,39.5592176,False
4000896310735,lens,43.1733732,-15.007093,False
4000985915533,ring,150.69391140000002,2.291419,True
4000741012611,merger,240.93635130000004,43.4385469,False
4000982431442,merger,150.75690519999998,2.607143,True
4001221380940,odd,359.2657445,43.5625407,False
4001130183482,lens,330.988178,18.8970859,False
4000739191736,merger,222.8861664,-2.6871255,False
4000988833886,jellyfish,206.913828,-11.7309487,True
4000823052374,odd,334.4409615,0.2727208,False
6000446039157,lens,116.2121393,39.4598295,True
6000331552942,merger,150.0558171,2.2334286,True
4000862007946,jellyfish,241.1592601,43.3791297,True
4001047162327,merger,188.7274663,15.4838053,False
4184459971,arc,203.1709989,50.5511578,False
6000221127515,merger,90.8243516,42.2407136,True
4001416992026,merger,125.8965623,71.0338114,False
4000765166875,merger,229.2072993,7.0425071,False
4001426074299,arc,197.8795253,-1.3615041,True
4000884994630,merger,203.7208565,-27.1620991,False
4000958465798,merger,218.0087103,63.2982184,False
4000743989797,merger,249.2597434,41.00104210000001,False
4001015639759,merger,146.08566090000002,-1.7781576,False
4001112223647,merger,150.6524726,1.9408938,True
4001253344898,merger,7.1740042,31.1508504,False
4001231594704,odd,334.4768579,0.1937687,False
4001031484368,merger,28.1692458,-14.1053582,False
6000354150289,merger,149.945612,2.5041725,True
6000536195674,lens,197.8699712,-1.362001,True
4182715039,overlap,262.923966,22.8743331,False
4001256743468,odd,195.0946735,27.8207704,True
6000432779912,lens,214.7868839,52.733468,False
4001293579163,edge-on protoplanetary disk,64.922869,27.2686509,True
4000783399303,merger,149.853812,2.1798334,True
4000891611141,merger,149.75858390000002,2.7660828,True
4000952779294,merger,208.4916278,60.02862420000001,False
4000791382153,merger,56.0600456,-44.5981882,False
4000854167611,merger,259.49067180000003,60.0949055,False
4001261006328,merger,82.8965844,-28.0321973,False
4001126899861,lens,261.4685977,56.3460131,False
4000815078204,merger,149.2027796,28.823823600000004,False
4001005351177,merger,138.98941200000002,29.8629849,False
4000854801653,overlap,164.7795086,-12.8880763,True
4000814265840,merger,186.7123679,13.3337095,False
4001294382481,merger,53.1699122,-27.8236703,True
6000245224562,high-z,53.0445352,-27.7872264,True
4001028381200,jellyfish,181.5471597,-8.7950191,True
4001176011961,merger,134.2282169,51.5175013,False
6000408993127,lens,90.0454708,-20.1270119,False
4000986410577,merger,313.0862177,-69.2471505,False
4000823049363,odd,334.438902,0.3279364999999999,True
4001247947051,merger,259.7947523,60.3530453,False
4001323103481,high-z,216.6812848,35.3213977,False
4000812861177,merger,199.79151,-2.091797,False
4000859573320,overlap,9.2429565,9.1726975,False
6000221128934,unknown,90.8284462,42.2546243,False
6000508613556,merger,150.6232343,2.4928053,True
4510035373,merger,209.9799362,62.552797700000006,True
4001265464094,odd,133.1830681,3.1405264,False
4001227961238,overlap,264.9265545,69.0325475,False
4001000414849,high-z,313.0954706,-69.1950635,False
6000405664908,merger,59.7359087,-29.9223938,True
4001275969516,lens,70.9047352,-50.2913307,False
4001024091336,merger,29.0434148,-55.698237600000006,True
6000532112741,merger,342.2112516,-44.5133746,True
4182685490,arc,145.2214869,7.7389391,True
4001303237800,merger,216.1775142,35.0392801,False
4001284549812,odd,24.5921465,33.1589585,False
4001134860783,odd,203.196671,50.5436796,False
4000944019088,odd,334.3744669,0.3929767,True
4000906958677,merger,186.7567605,23.8826451,False
4000731071929,merger,150.3309456,1.8796405,True
6000436569102,jellyfish,316.5195868,-58.7413003,True
4001102811732,agn,170.1126446,-12.067368,False
4001300051595,arc,181.5451738,-8.8025291,True
4001261324915,arc,38.0723354,-44.3558476,False
4522403588,jellyfish,39.9899829,-1.5696988,True
4000956625989,merger,259.5459305,60.0738568,False
4000708131176,merger,342.3251098,-44.5357467,False
4001253229292,merger,58.2279277,-47.4874543,False
4001009541584,merger,258.305591,58.991446100000005,False
4001284550430,odd,24.5550773,33.1831144,False
4000764048933,merger,125.3781393,37.5392541,False
4000987080434,high-z,210.4942018,4.9972602,False
4001399990530,lens,3.5935994,-30.3821788,True
4000897740490,merger,150.4302947,2.0868084,True
6000368964870,overlap,39.9650095,-1.5711104,True
4552376307,supernova,189.3556916,62.168359200000005,True
6000451492327,merger,228.9340063,17.983716,False
4208129489,merger,247.13884680000004,39.538406,False
6000438400937,merger,186.7338378,23.8159957,False
4174424874,merger,259.34442590000003,59.8401776,False
4001098496907,lens,341.3587061,28.1571857,True
4000708111008,merger,150.1317148,2.3397514,True
6000361236591,merger,316.4860704,-58.7343448,False
4000889908107,merger,355.2979208,0.003165,False
4001233236939,merger,203.7974708,-30.1057423,False
4001363354455,odd,6.7201284,17.042479,True
4000722901710,merger,28.241874900000003,-13.9135333,False
4001421499330,merger,356.5727479,12.774015,False
4001294367488,lens,34.4050546,-5.2251278,True
4001265458580,odd,162.3392093,51.0727975,False
4001089784768,merger,214.3076048,52.5291657,True
4000742617813,odd,150.1730787,2.1270053,True
4000738622849,merger,150.0290169,2.0352689,True
4000812652711,merger,159.4728816,-12.7336644,True
4001238820281,merger,190.6562864,32.5293796,False
4001063171631,arc,214.7867357,52.7336685,True
4001232527145,high-z,109.3578788,37.6986206,False
4001083131066,lens,73.5387499,2.9640686,False
4001262814811,merger,132.795149,63.1354974,False
4000743731994,jet,334.4029229,0.8363436,False
4001399670656,merger,199.0755145,42.0979034,False
4001259594057,merger,48.2606402,8.3890396,False
4001051780396,merger,79.7842067,-42.8035525,False
4001070760180,unknown,109.4935837,37.7081907,False
4001244798111,arc,181.5445391,-8.7992311,True
4001437615307,merger,205.9289983,-38.1819897,False
4174018014,lens,73.6280364,-3.0260777,False
4000982299964,arc,139.46163169999997,51.7084544,False
4001131319639,merger,79.9418939,-44.0645691,False
4001081908256,merger,150.5849962,2.7562069,True
6000324540907,clumpy,53.1077157,-27.8388322,True
4000806638225,merger,210.2732075,2.8841979,False
4000995450106,lens,32.42265,-4.6603298,True
6000443417892,lens,255.1486458,64.2752717,True
4001018092291,odd,316.5396509,-58.7354415,False
4001164172876,merger,214.4363058,52.7801725,False
4001278408084,merger,329.4974678,-15.0589057,False
4000888304772,ring,53.200070200000006,-27.7089289,True
4000780441648,odd,163.6782881,-12.8044174,True
4000759800063,lens,13.353691199999998,39.817869,False
4000877020955,odd,116.2130255,39.4407908,True
4000724283663,merger,184.2447228,-12.1455931,False
6000294542509,merger,194.754164,34.8828555,False
4000852873226,merger,44.308168,-23.4440713,False
4001310608049,lens,72.0916519,12.4655619,True
4001202993915,odd,25.3531305,-65.6022425,False
4001195841094,lens,150.6348135,2.0106598,True
4001102677944,unknown,35.2624613,35.9290167,False
4001133892990,merger,8.3589917,39.8992998,False
4000896311197,lens,43.1887227,-14.990031,False
4001451104249,jet,278.973684,52.6433049,False
6000381961109,arc,197.8660191,-1.3467045,True
6000225472709,arc,197.8914644,-1.3211106,True
4001272967168,lens,259.4331118,59.6078351,False
4001267679569,lens,39.9574927,-1.5917216,False
4000779767095,lens,157.30247780000002,26.3885273,False
4001253519816,odd,174.2342469,0.1025358,False
4001156774609,merger,264.542919,60.1201121,False
4000919661610,odd,149.89542580000003,2.3852079,True
4000984268617,merger,149.6348045,2.1138012,False
6000444355075,lens,150.2900736,2.3681697,True
4001103176972,merger,30.6213026,-76.3588485,False
4000958465692,merger,218.0132735,63.289786,False
4001262552490,lens,71.7652958,-46.089459,False
4000767895207,merger,148.2147146,68.87760209999999,False
4000749349566,unknown,73.5546761,2.9455287,False
4569748339,merger,12.9777548,33.0192897,False
4001088526005,unknown,40.1360899,-1.6639939,False
6000318285424,merger,277.7930016,62.2392479,False
4000766861392,merger,149.45733669999998,1.9609904,True
4001131320139,lens,79.9284841,-44.0301596,False
4001287740198,lens,189.3905969,62.1943571,True
4001185808413,merger,53.072291,-27.7188783,True
4000859731995,merger,14.6057112,38.0359888,False
4001120864244,merger,53.1508501,-27.7164516,True
4001018999296,merger,250.7873695,31.961292200000003,False
4001082867154,merger,158.785632,51.9931213,False
6000429168575,merger,88.3392335,-33.696358,False
4000920570770,merger,150.3252149,2.5730338,True
4001001757738,lens,53.2498294,-27.7274075,True
4001252833823,odd,185.4637201,-31.9725677,False
4001300488049,merger,155.28597,34.6006286,False
4001422820110,merger,185.8577945,-12.6619666,False
4001268925884,odd,238.1957384,64.5384602,False
4000895908375,lens,132.1389106,44.7422283,True
4000774297302,lens,204.4640321,36.33806320000001,True
6000405765607,odd,44.2388346,-16.5310628,False
4000969595426,arc,197.884607,-1.3538821,True
4001072664922,merger,149.7423229,2.1899088,True
4001307271275,lens,150.1187988,2.3245387,True
4000957535159,merger,189.0392503,62.199949,True
4000845472303,merger,356.85033839999994,-36.57284129999999,False
4001156524214,merger,200.7477551,-42.7565477,False
4000982300765,arc,139.4940108,51.7374564,False
4000870521133,merger,260.0468762,59.6873624,True
4001253348241,lens,172.7722136,2.2418362,False
4503654929,merger,229.1637555,7.0172753,False
4001301467496,merger,208.1227782,32.2628934,False
4001413914457,arc,4.6304056,16.4317291,False
6000410037867,overlap,269.2119313,40.1326708,False
4000931204239,merger,223.2205635,58.0444681,True
4000911658132,unknown,69.9013272,-29.0965808,False
4001318378692,arc,51.8680154,-13.4374129,False
4181430042,arc,197.8796526,-1.3614161,True
4000991107129,lens,258.1451906,59.259134200000005,False
6000274726424,jet,173.3048737,50.1444881,True
4000813706533,merger,202.4375596,28.8728079,False
4001115672513,merger,249.1135857,40.9515107,False
4000859018419,unknown,168.7865599,53.31291070000001,False
4001066298518,lens,73.4155994,-3.1286729,False
4001368176743,merger,53.008096,-27.8088472,True
4001262526916,lens,229.5072388,-81.4931734,False
4001224463888,merger,212.6436292,-11.7190977,False
4001253199433,merger,306.6908219,-19.3417186,False
6000444374254,merger,53.176102,-27.7737556,True
4001298837382,merger,114.9726858,65.3276564,False
4001116142867,odd,93.9748634,-57.8297117,False
4001261816717,merger,40.0389614,-1.6597302,False
4001445494091,merger,3.0407031,52.5903995,True
4001244088879,odd,150.0271591,2.6683458,True
4572330815,merger,149.5671291,2.3536063,True
6000398413708,merger,139.7960451,-81.0641874,False
4001088526163,unknown,40.1554953,-1.6559123,False
4000744518164,merger,189.4544498,62.1697056,True
4001179954558,odd,258.2795527,59.8884609,False
4000767040772,merger,149.78036369999998,2.156657,True
4001083155878,lens,241.1246141,43.0701363,True
6000435959378,merger,53.1128716,-27.7345973,True
4000977736662,merger,342.6146032,10.8924072,False
4000847952418,merger,16.362697400000002,-27.6232972,False
4001158061902,arc,208.7021944,77.2517659,False
4001063438510,merger,241.5126128,22.5771502,False
4000851375266,merger,215.939056,24.0711434,False
4000950151181,merger,216.86055130000005,33.7388777,True
4000851706839,merger,216.6364107,35.316061600000005,False
4508479802,merger,259.8167074,59.3339949,False
4000806913070,jellyfish,240.5579547,15.987740900000002,False
4000795621197,odd,194.9608147,28.0434365,True
4001122397115,odd,132.1117038,44.7154699,False
4001320375558,merger,34.3571883,-5.2773817,True
4001320658870,merger,138.7583744,42.1895481,False
4001011216768,odd,34.3407746,-5.290104599999999,True
4000862007485,high-z,241.1136384,43.3763514,False
4001025922736,merger,217.3598008,33.7950084,False
4000895685938,merger,50.799862,-37.357204,False
4001080258145,merger,258.1341415,59.657557,True
4001115854804,odd,149.5284221,2.0359158,True
4000924444483,merger,150.6740825,1.8533368,True
4001091676223,merger,164.2291843,-3.5346427,False
4000757590094,lens,229.6694841,8.7552582,False
4000707068502,lens,322.7755862,-40.314970200000005,True
4000840129327,merger,109.4852014,37.700135,True
4000945069155,odd,53.1137297,-27.7015445,True
6000443388201,merger,109.3339508,37.8324919,True
4000749604236,unknown,158.6847257,51.9485213,False
4001312789350,merger,146.730775,10.0985213,False
4001161233125,odd,151.552977,-33.8729194,False
4000985904538,unknown,63.9572075,-24.027098,False
4000732326946,merger,12.0758759,40.4207843,False
6000450820837,merger,186.6886944,23.8199263,False
4000713237485,merger,73.56562890000001,-3.06538,True
4000705548266,merger,215.056313,53.156621400000006,True
4001254556221,overlap,201.0367653,-42.1591916,False
4001119444221,merger,1.8766474,35.1375381,False
4000813507990,odd,214.4103885,52.4043714,False
4000945275721,odd,150.06418269999998,1.7558546000000002,True
4001324091475,jellyfish,260.6365957,32.1122393,False
4202002573,jellyfish,242.2837896,65.54784860000001,False
4001163743474,merger,202.000461,-31.7325927,False
4001308215049,lens,189.3534157,62.1606949,True
4000862189672,merger,149.6220858,2.2475389,True
4000896310221,overlap,43.1634291,-15.0294604,False
4001101837382,merger,205.3976078,28.5809213,False
4000833486157,merger,116.2359767,39.458567,False
4001170997187,high-z,253.0621147,55.5609439,False
4615407032,overlap,104.6411352,-55.9487953,True
4001198742761,merger,9.7134886,42.3751307,False
4001294344098,merger,34.2110653,-5.1377843,True
4000929874888,merger,218.5310676,33.6178744,False
4597132304,merger,125.9842655,71.00844980000001,False
4527812611,lens,210.2705195,2.8732885,True
4001018641679,merger,113.57876670000002,66.8901208,False
4000774467453,arc,186.7150952,21.8705362,True
4000903478956,jellyfish,73.3996497,-2.9098733,True
4000921391454,merger,201.615383,-43.5851384,False
4174987632,merger,150.57097480000002,2.7761102,True
6000208574241,arc,39.970941,-1.5847646,True
4000890673697,merger,171.1334389,43.8492886,False
4201998667,merger,242.3421488,65.5283845,False
4001138375086,merger,141.5837851,58.7998051,False
4000993546835,merger,194.9469202,27.8957213,False
4000798870625,high-z,334.3847687,0.1937849999999999,False
6000359731457,merger,150.1912212,2.4508544,True
4000852873562,merger,44.3049765,-23.4363463,False
6000443708862,odd,195.0468997,28.024249,False
4000905740663,merger,218.9632001,34.4997759,False
4001210249742,overlap,258.3040949,59.9851898,False
4000752978767,merger,150.6095488,2.4947944,True
4001284569933,merger,120.2282172,36.0379967,False
4000762429926,merger,215.0995899,53.00442389999999,True
4001258925467,lens,39.9724581,-1.5845426,True
4001185627670,merger,150.0008473,2.6497451,True
4000997939823,lens,164.3418562,57.97333029999999,False
4000785873727,odd,150.2132709,1.6742124,True
4001163887850,merger,265.0136583,69.1145604,False
4001105303521,merger,149.8786244,2.6012636,True
4000780285919,overlap,197.8628204,-1.3142584,True
4000756753266,merger,260.63732969999995,32.1443407,False
4001204855524,unknown,171.3026112,30.9661208,False
4000883031522,merger,12.472617800000002,41.4858975,False
4001156507268,overlap,39.4787514,28.7971659,False
4001060869135,merger,259.6775225,58.744812,False
4254798257,lens,35.8013932,42.3111314,False
4000764062137,merger,150.36830869999997,1.925648,True
4001058630945,merger,143.44998,55.2270737,False
4001060869709,merger,259.6836752,58.7670292,True
6000402636288,unknown,172.9836157,-19.9170242,False
6000327769654,arc,72.9879744,0.1031336,False
4001024090725,merger,29.0339534,-55.719504,False
4000759483208,merger,52.8605512,-27.972555100000005,True
4001254413933,lens,140.3992156,-6.3393293,False
4001165329818,high-z,109.6011778,37.6072325,False
4001122364007,merger,53.1023078,-27.8877151,True
4000749350429,jellyfish,73.55818570000001,2.9628105,False
4001300051909,overlap,181.5798366,-8.7959734,True
4000834977405,odd,150.02836240000002,2.0276381000000003,True
4000813114278,lens,149.60479990000002,2.5518281000000003,True
4001190415535,lens,73.6276123,-3.0261124,False
4000959288062,merger,247.1583784,39.524682,False
4001147024795,merger,149.7298866,2.1480803,True
4001256683475,odd,27.7912754,-44.4258378,False
4000910651821,merger,256.7222525,58.9054739,False
4000851711674,merger,259.3551425,59.5810784,False
4001421834802,merger,186.7454339,33.4558926,False
4000921191694,merger,189.038949,28.9796453,False
4001232006487,merger,149.7478704,2.6881488,True
4000715725976,merger,120.3142754,47.43899520000001,False
4000921191944,merger,189.0212742,28.9905769,False
4000878725835,merger,353.2612871,-10.6927586,True
4001074272149,merger,169.9832221,-12.064276,False
4000960633015,merger,53.1422121,-27.7651572,True
4001231461099,merger,215.112414,53.087409,True
4619022729,merger,35.751664500000004,42.5387696,False
6000512298511,odd,149.81299,1.9324814,True
4000892840046,merger,57.615868000000006,-8.907851800000001,False
4001019795243,jellyfish,116.2251056,39.44398,True
4001057574750,high-z,185.3457752,-2.3380587,False
4001118411500,merger,293.0929199,-4.0004845,True
4000811871938,merger,186.6773153,21.8784001,False
4000729648198,merger,189.2581724,62.3920142,True
4000933395668,merger,312.8102189,2.2886047,False
6000447560971,lensed quasar,141.2327287,2.3235502,True
4000806637569,odd,210.2424695,2.8584489,True
4001301890487,odd,3.4353489,-30.3806774,False
6000536013277,merger,150.2414161,2.5246159,True
4001425991108,merger,56.4043402,-60.4623946,False
4256936205,odd,186.7387466,33.5094268,False
6000429229996,merger,216.3012347,35.0176479,False
4000970396374,lens,295.1954537,40.21732670000001,False
4001095502296,lens,86.7890772,-39.0861819,False
4000793999698,ring,215.1364996,53.089572100000005,True
4645845112,merger,163.1315287,57.53457320000001,True
4000862006064,merger,241.14808760000005,43.3420971,True
4001048550185,merger,214.5143263,52.5063242,True
4001300077477,merger,155.1230417,69.2216347,False
4001413913673,odd,65.2734761,-48.7447727,False
6000434839083,merger,109.3343041,37.8321286,True
4000833996040,merger,53.0888789,-27.7434659,True
4601141282,arc,36.1448862,-0.0415084,True
4000755601277,odd,150.2949856,2.8301182000000003,True
4000947948332,merger,0.7568975,16.085844,False
4000989097234,lens,340.4194408,-64.4400012,False
4001050635418,lens,142.5727414,28.9165793,True
4001068245096,merger,87.3905339,-62.0984541,False
6000244240322,merger,133.1965347,3.1239308,True
4000870521568,odd,260.0692298,59.7176088,False
4001011514282,merger,150.3487685,69.26088990000001,False
4001300038650,overlap,185.4840892,13.4858806,True
6000218611879,overlap,351.8744682,-2.0528821,False
6000444310287,lensed quasar,69.5618937,-12.2872072,True
4000960108423,odd,52.9540835,-28.0130617,True
4001062359636,merger,259.7411089,59.6572614,False
4001004015749,merger,64.4083054,-11.8884947,False
4001255568752,odd,195.1384607,28.1563778,False
4001257994661,high-z,172.7808995,2.2414253,False
4001100818920,merger,206.8582467,-32.8503831,False
4000769079952,merger,259.5290187,59.4693377,False
4001374623833,merger,41.357983,-53.0396047,False
4001304215344,merger,214.8341016,52.8999116,True
4001260270229,merger,177.8559174,34.0227808,False
4001047055432,merger,167.6915362,28.7527782,False
4001454737816,merger,250.3388642,46.7107988,False
4001089802014,merger,150.2614608,2.4092201,True
4000896853598,lens,52.8904775,-27.799743,True
4000851707234,merger,216.6480528,35.3274749,False
4000877021525,lens,116.2120367,39.4599203,True
4000885704225,odd,249.2726126,14.639332199999998,False
4001414973092,unknown,192.6487913,5.3887383,False
4001084646659,lens,206.1162224,32.9734596,True
4001396286277,odd,210.5972547,54.4572133,False
4000740716826,odd,150.6410487,2.4661897999999995,True
6000291034033,lens,158.6454935,51.9046714,False
4000826461098,merger,25.3611555,-27.082166,False
4001217804952,merger,194.7651256,-1.7667583,False
4001382016761,merger,55.5938397,-47.2830416,False
4001119445173,odd,215.1235583,53.1086282,True
4000885381531,lens,13.387697400000002,39.8248161,False
4000708971004,odd,195.006691,27.9606828,False
4001266443091,merger,354.3620576,-63.297639,False
4000727939358,overlap,28.226492800000003,-13.8627653,False
6000450859163,merger,149.7864069,2.5083534,True
4001204335525,lens,216.8390038,33.7378868,False
4000764080891,merger,33.0501942,0.4509528,False
4001067612976,merger,50.7930743,-37.3052107,False
4000931221870,merger,149.9324775,2.508387,True
4001454930032,merger,209.8001384,62.4081053,False
4001061886101,merger,334.4938724,0.2696836,False
4652951038,merger,145.7372866,46.987812,False
4191046669,merger,334.3896534,0.2382671,True
4001138795342,unknown,186.7255737,33.5482619,True
6000447492810,merger,150.0252483,2.5826953,True
4001228446556,odd,150.621784,2.5523232,True
4001202525073,lens,150.4402235,1.9040009,False
4001220058579,high-z,32.411653,-4.6623286,True
4001185231414,odd,201.0480779,-43.502703,False
4001452961164,merger,157.3202927,26.3751048,False
4000976903047,merger,207.06545,-33.3586734,False
4001253246163,merger,231.9097252,20.7599976,False
4202895637,merger,334.41474260000007,0.256767,True
4000992863503,odd,150.5652612,2.1659336,True
4001292626932,merger,258.804214,59.5495373,False
4001264283032,merger,289.2896397,-33.5242116,False
4001062725550,merger,189.0976272,62.3785051,True
4001307272309,odd,150.1035625,2.3462342,True
4001062858928,merger,197.7629948,-3.1633132,False
4000776406672,merger,68.49575209999999,-8.585841199999999,False
4001116135198,unknown,311.7286993,-12.842596,False
4001012310070,arc,104.6033648,-55.9417787,True
4001031692648,lens,189.4652956,62.2024934,True
4001437614911,merger,205.8733538,-38.1862583,False
4000737204634,odd,210.0461994,14.5069976,False
6000446752721,merger,216.6686675,35.1480601,False
4000906181149,odd,199.3360967,-2.0374634,False
4001060911612,merger,189.0188864,29.0057005,False
4001019796073,jellyfish,116.2602797,39.4577729,False
4000897638567,merger,189.4210145,62.1528277,True
4001309428618,odd,34.4914717,-5.171887,True
4001367674596,unknown,129.4321534,49.6255736,False
4000814071198,merger,323.62877610000004,-27.0956099,False
4001196347124,odd,265.1827298,68.9579164,False
4001314156143,merger,150.228255,2.4399355,True
4001261853642,merger,47.2598294,26.7743585,False
4000798362451,high-z,170.0081186,6.703190299999999,False
4000708544835,lens,174.5238939,-11.5410311,False
4000866129248,merger,149.7516267,2.4919742,True
4001101508050,merger,189.1320538,62.1523632,True
4001236629019,merger,52.7768672,-27.968252,False
6000217254008,odd,342.1739472,-44.532235,True
4001019222163,merger,206.6312449,-37.978652,False
4000809269019,merger,164.1373614,-3.7682123,False
4001138795338,overlap,186.7815927,33.5484461,True
4001216094290,merger,150.3488201,2.3734473,True
4000940058499,merger,238.9935557,66.4202707,False
4000803954802,submillimetre galaxy,249.24585130000003,40.9580245,True
4001267765532,merger,343.0704774,-58.6285586,False
4000956626073,odd,259.5006072,60.07872629999999,False
4001153973346,odd,139.0544107,-0.407005,False
4001082868120,merger,158.7895052,52.0312288,False
4000925416658,merger,150.1723923,2.6349707,True
4001092202046,merger,53.2324614,-27.8911276,True
4001239422698,merger,112.0840924,40.8119021,False
4000983697355,merger,214.7466356,52.78777339999999,True
4001031072739,lens,184.4919403,37.71415579999999,False
4000924061523,unknown,182.4597467,-52.4353311,False
4001157181666,lens,116.1750287,39.4627561,False
4001438978817,lensed quasar,330.3860967,-32.0288953,True
4001308216094,odd,101.9966868,70.2369243,True
4000818571120,merger,278.4059362,59.8898174,True
6000448580106,lens,73.5579638,2.9517179,False
4000940056528,jet,238.9788898,66.3728941,False
6000429166832,merger,88.3360093,-33.7213394,False
4557181270,high-z,197.8580731,-1.3586059,False
4001255568764,merger,195.1403567,28.1501353,False
4001318807709,merger,154.6008243,-12.2241309,False
6000455021530,merger,51.8629775,-13.4482532,False
4001251700239,merger,202.6266709,-42.2137412,False
4000899659744,odd,187.0141642,-11.610185,True
6000363846647,lens,214.6584732,52.730863,True
4000855809471,lens,219.2637421,35.031417700000006,False
4001077970376,merger,179.8048403,54.7838718,False
4182711698,odd,262.8921343,22.8513047,False
6000518163361,merger,150.1832951,1.8287853,True
4001202156965,jellyfish,120.2469318,36.0731472,True
6000490836395,lens,189.4081864,62.2121259,True
6000290326658,jellyfish,215.9633057,24.0819178,True
4001433667262,merger,169.962301,12.9960695,False
4001072880403,lens,188.2282075,-12.9510192,False
4000774297608,lens,204.4599496,36.3535727,False
4001416470415,merger,7.1058359,39.8994382,False
4000878802671,merger,240.5217505,42.9097794,False
4001239281285,merger,88.3146515,-33.7227971,False
4001368788276,merger,64.0836021,-24.1456152,True
4000941572738,jellyfish,78.9057843,-43.4177136,False
4653606558,merger,197.8775955,-1.3265767,False
4001431417770,supernova,331.7761336,-27.8182983,False
4001015106341,jellyfish,201.9987216,-31.737652,False
4000756739593,ring,53.2289103,-27.8313535,True
4537131494,merger,215.20525240000003,52.9865948,True
4001071554034,merger,220.9909973,-1.3891408,True
4001233202867,merger,149.9313655,2.1792505,True
4001011055587,lens,242.79068930000005,17.0905281,True
4000843053505,merger,195.1835766,27.9975487,True
4001323109774,unknown,334.489441,0.2284143,False
4000816111557,odd,216.6000892,56.6555195,False
4001068369149,merger,334.5209552,0.4306558,False
4001143463399,unknown,11.5284111,40.731779,False
6000218611397,merger,351.8658064,-2.0839471,False
4001198745528,odd,147.7162283,5.1781619,False
4001454340413,odd,340.4814831,-64.4371778,False
4001097742720,lens,150.5788716,2.1326936,True
4001398491158,merger,216.4453169,35.5221772,False
4000780460667,merger,150.42789140000002,2.5585502,True
4001187560717,jellyfish,231.1738183,9.9792331,False
4001131374489,arc,116.2120805,39.4597116,True
4188743641,merger,241.0984832,43.0836478,True
4001248964555,clumpy,186.7913048,33.5809833,False
4000791383367,merger,150.4989776,2.2964222000000003,True
4000816030171,merger,150.5862879,2.0803082,True
4000752978968,odd,150.60620669999997,2.5018595,True
4000965299827,merger,235.6862526,16.478158800000003,False
4001063173158,odd,150.5924503,2.585659,True
4001126666775,merger,149.780312,1.8884934,True
4001417308969,odd,131.1743936,12.7528224,False
4001039294592,merger,334.42157189999995,0.2364607,True
4001141890786,odd,17.580549,19.640589,False
4533785440,jet,187.7011753,12.3930087,True
4001266443741,merger,354.2870997,-63.2663885,False
6000443418171,jellyfish,255.1788652,64.2648652,False
4001069204012,arc,175.2029743,-26.4757844,False
4599800936,overlap,140.2869613,45.4921777,False
4000801395229,merger,73.60306729999999,-2.9393494,False
4581904723,merger,214.7046604,52.9203694,False
4001229824926,high-z,150.5167891,2.0049272,True
6000388288274,arc,3.599745,-30.4139369,True
4000858492411,merger,214.3924342,52.62712760000001,True
4001165341542,odd,185.501107,38.1398371,False
4000936539859,merger,52.7974213,-27.7731419,False
4001137069203,lens,163.6008282,-11.7660766,False
4001261217800,lens,25.734422,44.613159,False
4001031690783,merger,207.3046749,36.2303874,False
4000851082108,merger,32.4229734,-4.587414,True
6000383592748,merger,206.9022637,-11.7441855,True
4001317869851,merger,150.3667268,1.7924934,True
4001072378605,overlap,131.6793783,2.4845215,False
4648995050,merger,73.54117059999999,2.9256219,False
4001255570081,unknown,11.0755058,37.4287108,False
4001059973216,merger,214.566909,52.6843506,False
4001015105868,merger,202.0386602,-31.750438899999995,False
4001243325692,merger,255.2858714,64.185794,True
4001308907320,odd,150.2260566,2.2428193,True
4584984653,jet,187.7050515,12.3914209,True
4001457860056,odd,187.6633361,23.2243804,False
4001261483390,merger,177.6872058,-28.0801525,False
4001382138379,merger,50.4019616,16.8694745,False
4001061842000,merger,322.4231289,0.1020012,True
6000305318503,lens,104.5992952,-55.9562749,True
6000356811934,merger,22.9428217,-13.606892,True
4001102104879,lens,52.4197753,-2.2226159,False
4001115672581,merger,249.1383257,40.9528437,False
6000306436631,merger,31.4710827,-58.4724452,False
4000854481328,merger,334.3681048,0.3095792999999999,True
4001081264862,lens,320.7165796,4.1597213,True
4001255367483,merger,203.7963621,40.9986606,False
4000909660758,merger,149.87972209999998,2.180844,True
4001169573914,overlap,216.7568535,22.6675032,False
4000835890065,lens,73.67359870000001,-3.0556178,False
4001417641183,merger,250.2986762,46.7256241,False
4000893318005,merger,186.6766899,23.9414973,False
4001057552631,merger,28.2207398,-13.8064125,False
4000839145541,merger,352.9501321,-50.87699779999999,False
4000772867394,merger,331.7976063,-83.8128003,False
4001398542940,arc,197.8635886,-1.3481155,True
4000988946836,merger,165.2671398,-3.8595342000000006,False
4001199104063,odd,340.4684164,17.5476004,False
4001358747528,odd,357.9469494,-26.1949629,False
4001156421212,lens,104.6473584,-55.9255521,False
4001363355117,ring,6.7287872,17.0554086,False
4001037562782,merger,149.52532,2.4168803,True
4000837923261,merger,13.3826221,42.611107200000006,False
4000921438913,merger,3.4858734,-30.3910115,True
4000788039770,odd,149.7289711,2.5198882,True
4000951056266,merger,230.96634,-0.0712411999999999,False
4001257991815,lens,35.7092166,-52.3110777,False
4001186768363,odd,150.1886938,2.3209309,True
6000405664747,merger,59.7084555,-29.941922,False
4001454737029,odd,250.2854752,46.6925041,False
4001418352803,unknown,151.1958642,41.2132571,False
4001363355823,merger,6.7381765,17.0693051,False
4001440373528,odd,7.8324229,37.917015,False
4647820288,edge-on protoplanetary disk,169.0120669,-76.4147437,True
4001257993201,merger,172.7633264,2.1928396,False
4000891612199,merger,109.3336608,37.83225529999999,True
4001067417779,merger,219.5768028,34.3500509,False
6000423053717,lens,41.3900098,-53.0343929,False
4000818221078,merger,189.5357467,62.1874993,False
4000813954856,jet,25.372959100000003,-27.0886895,False
4000777093450,lens,139.0600479,-0.3945770999999999,True
4001239281689,overlap,88.3467568,-33.709381,False
4001156162128,merger,217.256285,34.5533119,False
4001025925944,ring,76.6424113,-61.1400684,False
4001229825947,merger,150.5229695,2.0466347,True
4000895242545,lens,44.398048200000005,-22.1578863,False
4000840414985,merger,189.10003490000005,62.3772293,False
4001213787897,ring,161.5525441,41.8734963,False
4001170529091,merger,217.6802092,34.9405244,False
4000797629367,lens,310.2278832,-44.858087,False
4000722905736,merger,255.2281491,64.2322671,False
4001080258325,merger,258.1484321,59.6548076,False
4000924061594,odd,182.5573222,-52.434227500000006,False
4000771117852,ring,163.33329740000002,69.5469301,False
4000777043886,merger,231.7459294,35.9755039,False
4000862788525,odd,216.5673384,34.8930605,False
4001086868096,lens,130.9768762,41.2820465,False
4000922641535,unknown,183.7589106,0.8075071,False
4001169983037,merger,150.7428494,1.875739,True
4001030287152,merger,150.363009,1.6289382,True
4000886662544,jellyfish,215.1390325,53.1403924,True
4001318807274,overlap,154.5938055,-12.2570759,False
4000845325939,arc,165.7482669,-5.3403596,False
4000806637434,odd,210.2534194,2.8548686,False
4001253139683,merger,202.7046133,-42.4236174,False
4000969595608,merger,197.8467785,-1.3483698999999998,False
4000721749952,arc,120.2425014,36.056791,True
4001260270306,unknown,177.8659802,34.0298539,False
4001454930044,ring,209.7533061,62.4059687,False
4001254077180,lens,43.6110902,-58.9419126,False
4001193965500,lens,188.0757469,-12.8529292,False
4001218126361,odd,216.1519356,35.0731221,False
4000811959364,merger,255.6382322,60.4686195,False
6000396120102,merger,192.0764917,7.7202645,True
4000845472379,jellyfish,356.84878710000004,-36.568904100000005,False
4001294267796,merger,265.2803994,68.9935208,False
4000744000626,merger,124.1581071,50.0427274,False
4000880787843,merger,149.9473188,2.1558342,True
4001069802072,lens,150.2845644,2.6744308,True
4001444355044,merger,147.7404331,33.5427702,False
4000943023135,merger,38.5273446,-0.4774403,False
6000514386128,merger,150.5012422,2.2164594,True
4001300892869,merger,150.5530538,2.3454934,True
6000259699416,jellyfish,3.494424,-30.3657695,True
4001449493954,merger,273.5913866,41.2029224,False
4653529331,odd,243.4516076,54.3518902,False
4001065245690,merger,195.331729,27.8799141,False
4001047910531,lens,189.0418239,28.9852594,False
4001202378009,lens,354.3593893,-59.7333506,False
6000294707486,merger,150.3445607,1.9532261,True
4001101766358,merger,90.0365648,-43.8801916,False
4000916815256,lens,53.0275855,-27.8949751,True
4000976228271,high-z,210.0048939,62.5302247,False
4000859572749,high-z,9.3027555,9.1519263,False
4001172756476,unknown,148.4201073,68.9364714,False
4001131596511,odd,69.8315855,-45.9872236,False
4000861724577,jellyfish,243.5823247,32.5652543,False
4235859585,merger,150.5262961,55.69695110000001,False
4001039748888,merger,114.77306570000002,65.4388147,False
6000441231832,merger,209.9815068,62.5312336,False
6000252494978,merger,357.6484634,-43.5229079,False
6000442582533,merger,195.0630513,28.0536168,False
4001202990717,merger,111.9064112,-2.9153454,True
4000924444478,merger,150.6737647,1.8532795,True
4000983157032,unknown,149.83559409999998,30.7466214,False
4000976894955,odd,54.2653025,-5.020271,False
6000166351322,merger,267.9717679,44.6526654,True
4001077070683,unknown,147.4519711,17.1387885,False
4000943749383,merger,243.9572119,30.928707,False
4001446037250,arc,335.5358814,27.7568339,True
4001179955561,odd,35.993182,-2.4542758,False
4001259255724,lens,277.836411,62.2496837,False
4000921183521,odd,69.2700295,-52.972491000000005,False
6000184983683,agn,150.1187927,2.4572505,True
4001413913498,odd,65.3302405,-48.7552164,False
4000897451929,merger,207.0246113,-47.5768451,False
4001015105956,merger,202.038429,-31.7505593,False
4000833531232,lens,188.1127249,-12.850157800000002,False
4001131144553,merger,53.2545459,-27.8368093,True
4001369718043,merger,177.3944452,22.514324,False
4000990809010,overlap,135.7945256,41.25291729999999,False
4001205312828,lens,184.2421718,-12.0559205,False
4000829889478,merger,122.2422409,6.7484425,False
4001104618306,lens,275.8281904,78.3848916,False
4000903371288,merger,150.5101304,2.4809008,True
4000911651079,merger,201.8788671,-31.409245,False
4001300138021,merger,151.0158598,68.7092558,False
4001009542716,odd,258.2528147,59.0239046,False
4001205036328,odd,192.3876742,15.1868401,False
4001107540988,jet,345.4057473,-38.9607633,False
4000813954400,overlap,25.380440300000004,-27.104096,False
4001437186278,lens,186.7036424,33.4756838,False
4001416230576,merger,196.574388,67.7380461,False
4001378218611,odd,228.9717886,17.9727998,False
4001191054732,merger,215.9268924,24.0843958,False
4000819732285,merger,25.3618416,-65.6008473,False
4000897916456,lens,90.04564040000001,-20.127064800000003,False
4000786139525,merger,141.6399504,12.7268514,False
4001302174246,merger,214.9633145,53.0117738,True
4001037562292,merger,149.51059980000002,2.3974398,True
4000941571936,merger,78.916134,-43.4519269,False
4001148173582,odd,98.7968224,51.9433366,False
4000763236493,merger,53.3016209,-28.062087899999995,True
4000851375651,merger,215.9570301,24.079861800000003,True
4000834721048,merger,132.0500301,44.7570515,False
4001266426087,merger,19.5786615,38.6585559,False
4001037306551,merger,337.2198815,-20.7877978,False
4615764663,merger,214.4271236,52.479406,True
4001134859328,merger,203.1983116,50.5698231,False
4001011055512,clumpy,242.7844783,17.084481600000004,False
4001454736364,merger,250.2680566,46.6729008,False
4000848028314,overlap,201.7050114,-27.4279837,False
4000798362282,lens,170.0167945,6.6929433000000005,False
4001284570917,agn,120.2692491,36.0632686,False
4000764049214,merger,125.4322201,37.5606443,False
4000958465384,jellyfish,218.0300583,63.2678855,False
4001046578726,merger,216.6661877,35.1588434,False
4001095500374,odd,169.9890327,-12.0069468,False
4001323110198,merger,334.4817228,0.2533048,True
4228766080,jellyfish,72.9889962,0.1146206,True
4001282316670,odd,208.7243355,35.8406733,False
4000717342278,merger,149.49737130000003,2.1344818,True
6000396443335,overlap,177.7084762,-28.0731823,False
4001116517323,merger,351.9137378,-2.1658256,False
4000755242073,merger,125.605608,18.4580992,False
4001253485154,merger,209.545947,12.8031563,False
4000845475020,merger,150.5524322,1.9337466,True
4001243858045,merger,149.8392397,1.9795649,True
4651649333,odd,175.572033,58.514869,True
4000739671806,high-z,149.60518430000002,1.8621849,True
4001274864726,merger,177.3659969,22.3940206,False
4001444190953,merger,183.5403695,33.1785529,False
4000743733998,odd,161.2281979,21.5047602,False
4000922726809,odd,322.3576719,-7.7149182,False
4000791261040,overlap,150.3489031,55.925783,False
6000394290225,jellyfish,342.1751274,-44.5360104,True
4001326026123,merger,150.174297,2.1535672,True
4001095571266,odd,53.1770893,-27.8400024,True
4001355765495,odd,214.9849977,52.9568509,True
4001294393075,merger,215.3341304,53.1378113,True
4000764063737,merger,259.0442791,60.0323218,False
4001246360771,merger,149.9335959,2.0441158,True
4000744981631,odd,336.9555495,-35.1038363,False
4001035734666,lens,323.8028224,-1.0286072,True
4001313960487,ring,264.9059375,68.9890495,False
4000992057173,lens,149.9180081,2.6252086,True
4001158622643,merger,150.0010778,2.6958785,True
4001061111322,merger,194.1290795,27.2403382,True
4000976903824,merger,149.68380249999998,2.4789561,True
4001094391244,odd,191.5021252,-33.8501837,False
4001029444177,lens,149.4848012,2.0839886,True
4001440509779,clumpy,3.8588772,-32.168513,False
4000772867290,odd,331.7878043,-83.82058620000001,False
4001104618282,merger,275.9412406,78.3836786,False
4000897917619,merger,265.2834471,69.0432555,False
4000791260519,merger,150.3592581,55.9092794,True
4000722906593,merger,255.1501912,64.2658326,False
4000772866860,merger,331.6779054,-83.84246,False
4512808648,clumpy,189.1921645,62.194866000000005,True
4001013223930,merger,265.3407316,69.0532312,False
4000889962988,merger,148.8307362,69.61103359999998,False
4521934374,odd,206.8635937,-11.7280907,False
4000869815215,merger,12.2896379,42.7687597,False
4001329581964,merger,44.7324611,13.6377262,False
4001241295983,odd,189.420346,62.2007803,True
4000806637531,merger,210.2475483,2.8570248,False
4000943750376,merger,243.9651523,30.9715043,False
4000763740332,merger,12.231065699999998,40.2978863,False
4001262507111,collisional ring,337.2080042,-9.7271946,False
4000730420670,merger,6.3971088,34.6897415,False
4000824920389,merger,149.64661909999998,2.3834138,True
6000416587831,jellyfish,8.0554997,18.1475152,False
4001118403192,overlap,174.5298653,3.2615065,False
4001259422175,overlap,343.0465028,-58.5204098,False
6000318351229,arc,146.8143287,76.3845079,False
4000833541240,odd,203.7164222,51.6088007,False
4000775447154,merger,188.0709538,12.2620088,False
4000940502364,merger,149.9288075,2.3622776,True
4001056051549,merger,150.1823478,1.8658678,True
4000953592739,merger,93.9665256,-57.76569920000001,False
4001239405074,lens,150.3772998,2.8416337,True
4001398493600,unknown,216.4464419,35.561937,False
4000986556076,lens,109.4184494,37.6763017,False
4000878524740,merger,149.8412936,2.4984212,True
6000455022535,merger,51.8606378,-13.4370987,False
4000966852901,merger,155.9186531,42.4893703,False
6000377489989,clumpy,53.1873585,-27.7942982,True
4001116732009,merger,149.7855734,2.0883526,True
4001424831240,merger,340.4524813,-64.4548269,False
4001325284769,merger,177.4218265,22.3183643,True
4001253235966,merger,99.0072051,-75.2559712,False
4001431365704,agn,330.4480359,-59.9794489,False
4001261325427,merger,38.0394236,-44.3428503,False
4001215365787,lens,242.308182,65.5412666,True
4000970743281,merger,116.22524540000002,39.4595226,False
4001036552914,odd,149.9346738,2.5277905,True
4000904909794,merger,158.8600411,51.8993636,False
4001049013754,merger,207.0651367,-33.3583476,False
4001318627927,odd,150.1935812,2.3034298,True
4001295570835,odd,186.7156455,33.5704539,False
4001304053229,merger,170.0505806,-11.9814008,False
4182689774,arc,186.7099906,21.8354188,True
4001231450350,merger,215.0651551,53.1121706,True
4000722901321,merger,28.2783245,-13.922984699999995,True
4001310109101,lens,170.0051811,-12.0643011,False
4000900784783,merger,149.42567759999997,55.3795535,False
6000360826536,merger,116.2361537,39.4585317,False
4001416991482,merger,126.0484211,71.0323989,False
4001417641210,lens,250.3116859,46.7258121,False
4001125987029,merger,215.4819241,53.2030133,True
4001188019308,merger,216.2460577,34.5692977,False
4000969945934,merger,53.0044073,-27.7703975,True
4001239185966,merger,62.1877039,-24.285617,False
4001267850645,odd,195.0715666,28.1344398,False
4001302853396,merger,334.3228797,0.2913155,True
6000243189566,odd,143.3581645,44.3000507,False
4001184744271,lens,164.2941946,-3.5287483,False
4000975462491,merger,264.8950687,68.9112372,False
4001009543116,merger,16.649550400000003,44.7810896,False
4000705396249,unknown,149.3135841,69.5441687,False
4001010260834,odd,186.7687888,33.5517191,True
4000764974557,merger,214.3046555,43.4766247,False
4001249146562,merger,149.6275839,2.7394683,True
4000766904306,merger,150.039012,2.839882,True
4000862191589,lens,8.4614828,-7.8335118,False
4001069203836,merger,175.2235464,-26.4862858,False
4000899782093,merger,53.0549726,-27.7117336,True
4001227961528,merger,264.9449285,69.0446946,False
6000334440852,arc,22.963748,-13.6065814,True
4001198746071,lens,53.1440054,-27.7004668,True
4001292949125,lens,3.4615681,-30.4045538,False
4000878804009,merger,240.5073817,42.9351783,False
4000961474545,merger,23.1566717,-16.916793600000002,False
4001238049283,odd,13.9227385,42.7833628,False
4001252745742,odd,357.6253164,-43.4921728,False
4001042094921,lens,15.762511,-49.2495749,True
4275267504,merger,189.2991767,62.4155062,False
4001414309658,merger,184.498023,14.7742052,False
4001048139721,high-z,3.6019912,-30.384397,True
4000969599604,merger,214.4267023,52.4795512,True
4001241883180,high-z,165.9079217,-12.7823052,False
4001294275557,merger,216.5397078,35.0349066,True
4001323103958,merger,216.6385196,35.3460995,False
4000894511162,odd,189.5009314,62.1305324,False
4001265287551,merger,53.0236785,-27.9405625,True
4001220409051,lens,150.0480816,2.5916643,True
6000279979292,merger,42.0061514,-3.509751,True
4001275971041,unknown,70.9731469,-50.2686492,False
4001266444086,merger,354.2926396,-63.255092,False
4001048547880,merger,94.0057054,-57.7693141,False
4000847282953,high-z,122.2463214,6.6920088,False
6000290326759,odd,215.9353332,24.07809,True
4000765300853,jet,42.0141473,-3.5291105000000003,True
6000444315243,lens,322.3576793,-7.6911486,True
4000724282967,merger,184.2137695,-12.1793621,False
4000880785209,lens,264.7745613,69.0840298,False
4001329584148,odd,335.7980003,-28.9912175,False
4001326073215,merger,34.4511077,-5.2716318,True
4000846438645,merger,78.48582809999999,-40.1505565,False
4001051224201,lens,159.9292822,-0.2654834,False
4000943275602,merger,214.7420374,52.7166424,True
4000732327314,merger,12.056097,40.4265415,False
4001172758023,merger,148.4918732,68.9566903,False
4001253141777,overlap,202.7350865,-42.4025458,False
4001047910792,jellyfish,189.0779424,28.9938957,False
4001051572758,overlap,164.1776422,-3.6771781,False
4001457626396,overlap,149.8509914,2.3905451,True
4000859572647,merger,9.2519657,9.1492102,False
6000412898914,merger,205.5025891,-24.7046729,False
4001139507023,unknown,186.6971885,33.5656162,False
4001068030599,merger,150.5069606,2.5105039,True
4000978644124,odd,143.4365795,55.2447554,False
4000757584414,merger,214.3404335,52.45255890000001,True
6000450862013,odd,127.7271334,19.2286544,False
4000758922667,unknown,6.1999081,-71.90004300000001,False
4648191790,merger,209.2766877,4.3301179,False
4000901247498,merger,192.4579961,-41.383154100000006,False
4001434960617,merger,246.3011446,15.7441476,False
6000396440945,merger,177.7276999,-28.0862058,True
4001210244861,merger,150.3107212,2.1341918,True
4001169576229,merger,216.7804777,22.6996218,False
4000976490078,jet,202.008784,-31.5158284,False
4000813954410,jet,25.3628889,-27.1027656,False
4001058625103,unknown,255.3175247,64.23221,False
4000981475552,merger,53.113614,-27.7414096,True
4000799949449,merger,189.3979628,62.182300600000005,True
4001256636708,overlap,132.9061223,63.1182957,False
4000743731948,merger,334.4058854,0.8344215,False
6000365385657,clumpy,215.1864777,52.9885216,True
4000867279154,odd,150.488559,1.6435456000000002,True
4501085524,merger,320.8762055,-53.02315079999999,False
6000279991999,clumpy,158.6994047,51.9257923,False
4001309450190,arc,3.5768768,-30.4133391,True
4001261056850,merger,40.0858463,-1.6323689,False
4000735988634,merger,53.1900541,-27.7398905,True
4527812812,odd,210.2371611,2.8726685,False
6000359731365,jet,150.1753801,2.426176,True
6000291343119,merger,189.0517272,62.2439876,True
4001236631194,high-z,52.8047405,-27.942993,False
4001177607529,merger,36.794203,-40.922658,False
4001121747006,lens,164.2365583,-3.7507422,False
6000282654402,merger,216.8613242,33.70947,False
4001118751067,merger,249.1947718,40.9566519,False
4001132687812,merger,334.4284041,0.2525216,True
4001268900310,merger,110.7230635,-73.4400873,False
4000836835642,merger,161.2285081,21.5348069,False
6000444244872,ring,149.8007015,2.1302598,True
4000843146064,odd,187.0428751,12.5608977,False
4001058625110,merger,255.261315,64.2336094,False
4000762224821,lensed quasar,172.96420880000002,-12.5330926,True
4001395942616,merger,216.472249,35.5263625,False
4000765168755,merger,13.333039499999998,39.8449094,False
4001297242499,clumpy,145.2948934,-1.0672135,False
4268274871,merger,150.3004913,55.9088418,True
4001416994028,merger,125.9644407,71.0501283,False
4001155459214,odd,264.8808281,69.0700145,False
4001107733720,lens,138.8474937,-0.9221573,False
4001190045373,odd,53.1077937,-27.726101,True
4000728620547,odd,214.3767748,52.3743813,True
4000784179927,overlap,150.2043078,2.607304,True
4001210827514,merger,165.9604206,-12.7674253,False
4001093600661,merger,351.9054064,-2.0187415,False
4001107724563,lens,57.9326028,-9.9244289,False
4000896852080,unknown,52.8636348,-27.8279432,False
4001025574392,odd,62.231972600000006,-24.3197323,False
4000727695422,odd,109.4026457,37.7517576,True
4001312789523,lens,146.7361816,10.1143891,True
4000705715180,merger,53.145396700000006,-27.8398723,True
4001190413812,odd,73.6209129,-3.0788685,True
4001170532415,unknown,258.8145894,59.4676306,False
4549272399,merger,155.11405469999997,11.3765042,False
4001174797235,unknown,44.2847026,-23.4358067,False
4001074257082,lens,148.2695052,68.8665574,False
4001292625663,agn,258.7499488,59.5035781,True
4001238049398,unknown,13.9629819,42.7854118,False
4001153707277,merger,149.7058023,2.4192457,True
4000712245946,merger,91.7944621,-34.2205873,False
4000863932630,merger,150.1085369,2.2238702,True
4000781325856,merger,186.8002971,9.4689161,False
4001260940260,jellyfish,227.0433418,57.9137993,False
4001167370100,merger,344.6658637,-34.8058313,False
4001286148031,arc,4.6090522,16.4256203,False
4001215273255,lens,187.0341712,12.5857802,False
4613614334,merger,150.6738834,1.8533081,True
4001103263483,merger,183.2665934,43.7000706,False
4001374987742,merger,214.7851669,52.7751415,False
4001256296904,merger,44.2669689,-23.417778,False
4001246566880,jellyfish,17.5256026,32.1697592,False
4001193743576,merger,265.1910772,69.0973484,False
4001025574578,merger,62.2365304,-24.311782,False
4000814558751,merger,278.9101519,52.6542205,False
4001227961490,ring,265.0487745,69.0434249,False
4000995511534,merger,352.1861673,14.8739712,False
4001081264736,merger,320.7130634,4.1517698,True
6000389998254,jet,149.2051134,28.8365345,False
4001187915393,merger,14.8349729,31.4867834,False
4001044886447,merger,150.6265602,2.4505712,True
6000338034795,merger,242.9176849,52.455963,True
4000858447696,lens,189.3761199,62.19127460000001,True
6000453506792,unknown,73.5386276,2.8957624,False
4001327426361,merger,334.5168088,0.3590171,True
4000772867073,merger,331.417838,-83.8317896,False
6000208944796,merger,357.6376934,-43.5117884,False
4001253212575,odd,11.5430513,-25.3448982,False
4001417644083,merger,250.2520788,46.7541008,False
4001457865302,merger,73.5606143,-3.1527271,False
4001100475227,merger,164.8289459,-12.943817,False
4001097026378,merger,189.582772,62.2339258,False
4000742686199,merger,214.5045145,52.5442534,True
4000846880903,merger,11.5296147,40.7241551,False
4001246438508,odd,6.7743643,17.0988635,False
4001158022255,odd,215.179102,53.0407357,True
4000983572761,odd,8.5975907,2.4140929,False
4001115963084,lens,230.5490186,29.1719452,False
4182672139,merger,64.389816,-11.8873588,False
4001453548025,unknown,209.824146,62.3812393,False
4001019221531,merger,206.622967,-38.0060499,False
4000713310731,odd,49.5943424,-25.5759799,False
4001237743883,merger,255.3287793,64.2075641,False
4507799590,globular cluster,54.6216037,-35.4620688,True
4001278408359,odd,329.5319992,-15.0298131,False
4000895206675,overlap,202.0329259,-31.7906218,False
4001271283506,lens,28.1478715,39.8685211,False
4001220409131,lens,150.0186942,2.5956038,True
4001129200339,merger,186.6958013,21.9071415,False
4000758472902,merger,210.2708188,2.8732051,True
4001284116860,odd,214.3619739,52.5391609,True
4001444190271,lens,183.5419529,33.1458444,False
4000879306924,merger,189.0402802,62.0961058,False
4000739672096,lens,149.61850769999998,1.8765984,True
6000309865916,jellyfish,260.0565531,35.6215979,True
4001024090660,merger,29.0617517,-55.7238277,False
6000444248785,high-z,34.3521517,-5.2395297,True
4000840127993,merger,109.49361100000002,37.6646855,False
4000875573351,merger,116.3033546,39.5026747,False
6000403717152,unknown,156.0122889,-57.732862,False
4001148174111,merger,98.8092721,51.9759638,False
4000999048772,merger,3.4527361000000005,-30.3718344,False
4001363353661,odd,6.7194526,17.024964,True
4001399637702,arc,104.6040884,-55.9409234,True
4001163887778,merger,264.9383415,69.1106859,False
4000721971036,merger,202.0314912,-27.37948710000001,False
4001295566114,arc,42.0095771,-3.5304588,True
4000767184437,jellyfish,64.0495017,-24.0408503,True
4000812863046,merger,259.2098017,59.8279912,False
4199323830,agn,345.8144767,8.8737719,True
4001329585781,odd,335.7513703,-28.9687757,False
4001013223463,merger,265.3553874,69.02116109999999,False
6000428802543,arc,39.9694811,-1.5807448,True
4001162259664,merger,260.0696911,59.138045,False
4000819732541,odd,25.3666765,-65.5943629,False
6000446752184,collisional ring,210.7960812,15.5245088,False
6000497421318,odd,39.9817688,-1.5708999,True
4001262998731,merger,331.014331,-46.423685,False
4000828202906,merger,343.5336206,16.1441745,False
4001217806804,merger,150.3635857,2.2337739,True
6000533247874,merger,149.6578329,2.213026,True
4001253345426,merger,10.8440134,-20.6486429,False
4000844607072,odd,214.8123158,52.824717500000006,True
4000876543472,merger,356.56070780000005,12.8083758,False
4001115672575,merger,249.1267222,40.9462492,False
4001268010134,merger,145.8474908,-18.6979292,False
4001179954672,merger,258.2521587,59.8839156,False
4001329774563,odd,56.0611815,-43.5438756,False
4000884152755,merger,53.0498454,-27.6800268,True
4000907610499,lens,149.9815658,2.797787,True
6000437099593,merger,149.9752741,2.1132645,True
4001256342523,merger,218.7948814,36.0914435,False
4000905740428,lens,218.9258345,34.47823820000001,False
6000285216982,merger,215.9479597,24.0966254,True
4000921439665,odd,3.4777613,-30.3521228,False
6000446356446,merger,53.0901307,-27.7068694,True
4232739833,overlap,41.4829932,-30.216012,False
4001322470466,merger,127.722668,19.2212037,True
4001301480844,odd,150.1145895,2.1138097,True
4001285195993,merger,149.7149005,2.0055484,True
6000278052379,merger,186.7581393,23.8316599,False
4001158942332,merger,143.4683361,55.2688556,False
4001401152749,merger,197.8826375,-1.3657244,False
4001398542746,arc,197.8846107,-1.3538773,True
4001281707787,odd,215.0538429,52.9369893,True
4000897917504,merger,265.2091215,69.0374322,False
4001131596167,merger,69.7873595,-46.0064549,False
4000976903113,merger,207.0651321,-33.3583493,False
4001044886647,odd,150.6663796,2.4554539,True
4000969598705,merger,214.4404437,52.4538156,True
4000755143605,merger,209.9339609,62.5283289,True
4001283024019,merger,150.4007052,2.3346911,True
4001286148003,merger,4.6589749,16.4212014,False
4001059262535,overlap,229.6934519,-81.510896,False
4001090137661,odd,214.740653,52.7910895,True
4001176247574,merger,188.160328,-12.8035714,False
4233793346,merger,357.91927769999995,-26.0843126,True
4000886358428,odd,49.5809783,-1.9433052,False
4001425991947,merger,56.373016,-60.4313759,False
4001107907941,merger,12.5662869,-0.6499034,False
4000954511554,merger,109.4873215,37.6885668,True
4000791155474,merger,139.032074,29.8276017,True
4000951855479,merger,164.4793856,-3.5420949,False
6000402124780,lens,332.9668938,-3.827621,False
6000393199955,merger,322.3671836,-7.6758784,False
